{
    "_atk": 47,
    "_speed": 20.500001907348634,
    "_range": 8.900002479553223,
    "atkBuyGold": 136,
    "speedBuyGold": 15,
    "rangeBuyGold": 42,
    "gold": 110
}